Workbook

Sheet Read me
A1: How this workbook works
A2: Explore Excel · exploreexcel.com
A4: What this is
A5: Attendance and leave tracker
A7: What this does
A8: Records daily attendance for a team across one month and totals every code automatically.
A10: Using it
A11: 1. Set the month in the cream cell B3 on the Attendance sheet. Every column heading follows from it.
A13: 2. Replace the names in column B with your team.
A15: 3. Each day, pick a code from the dropdown. The totals on the right count themselves.
A17: 4. The Summary sheet totals the whole team.
A19: The codes
... A26: Blue figures are yours to type over. Black figures are calculated — typing over one replaces the formula. Green shading is a heading or a total. This is the standard financial-modeling convention, so anyone in a finance or audit role will read it without being told.

Sheet Codes
A1: Codes
A2: Explore Excel · exploreexcel.com · The only values the grid accepts
A4: Code | B4: Meaning | C4: Counts towards
A5: P | B5: Present | C5: Working days
A6: V | B6: Vacation | C6: Paid time off entitlement
A7: S | B7: Sick | C7: Sickness absence
A8: L | B8: Late | C8: Working days, flagged
A9: R | B9: Remote | C9: Working days
A10: U | B10: Unpaid leave | C10: Unpaid absence
A11: X | B11: Company holiday | C11: Not counted as absence

Sheet Attendance
A1: Attendance and leave
A2: Explore Excel · exploreexcel.com · Set the month, then fill the grid from the dropdowns
A3: Month | B3: 46023
A6: # | B6: Name | C6: =IF(MONTH($B$3+0)=MONTH($B$3),$B$3+0,"") | D6: =IF(MONTH($B$3+1)=MONTH($B$3),$B$3+1,"") | E6: =IF(MONTH($B$3+2)=MONTH($B$3),$B$3+2,"") | F6: =IF(MONTH($B$3+3)=MONTH($B$3),$B$3+3,"") | G6: =IF(MONTH($B$3+4)=MONTH($B$3),$B$3+4,"") | H6: =IF(MONTH($B$3+5)=MONTH($B$3),$B$3+5,"") | I6: =IF(MONTH($B$3+6)=MONTH($B$3),$B$3+6,"") | J6: =IF(MONTH($B$3+7)=MONTH($B$3),$B$3+7,"") | K6: =IF(MONTH($B$3+8)=MONTH($B$3),$B$3+8,"") | L6: =IF(MONTH($B$3+9)=MONTH($B$3),$B$3+9,"") | M6: =IF(MONTH($B$3+10)=MONTH($B$3),$B$3+10,"") | N6: =IF(MONTH($B$3+11)=MONTH($B$3),$B$3+11,"") | O6: =IF(MONTH($B$3+12)=MONTH($B$3),$B$3+12,"") | P6: =IF(MONTH($B$3+13)=MONTH($B$3),$B$3+13,"") | Q6: =IF(MONTH($B$3+14)=MONTH($B$3),$B$3+14,"") | R6: =IF(MONTH($B$3+15)=MONTH($B$3),$B$3+15,"") | S6: =IF(MONTH($B$3+16)=MONTH($B$3),$B$3+16,"") | T6: =IF(MONTH($B$3+17)=MONTH($B$3),$B$3+17,"") | U6: =IF(MONTH($B$3+18)=MONTH($B$3),$B$3+18,"") | V6: =IF(MONTH($B$3+19)=MONTH($B$3),$B$3+19,"") | W6: =IF(MONTH($B$3+20)=MONTH($B$3),$B$3+20,"") | X6: =IF(MONTH($B$3+21)=MONTH($B$3),$B$3+21,"") | Y6: =IF(MONTH($B$3+22)=MONTH($B$3),$B$3+22,"") | Z6: =IF(MONTH($B$3+23)=MONTH($B$3),$B$3+23,"") | AA6: =IF(MONTH($B$3+24)=MONTH($B$3),$B$3+24,"") | AB6: =IF(MONTH($B$3+25)=MONTH($B$3),$B$3+25,"") | AC6: =IF(MONTH($B$3+26)=MONTH($B$3),$B$3+26,"") | AD6: =IF(MONTH($B$3+27)=MONTH($B$3),$B$3+27,"") | AE6: =IF(MONTH($B$3+28)=MONTH($B$3),$B$3+28,"") | AF6: =IF(MONTH($B$3+29)=MONTH($B$3),$B$3+29,"") | AG6: =IF(MONTH($B$3+30)=MONTH($B$3),$B$3+30,"") | AH6: P | AI6: V | AJ6: S | AK6: L | AL6: R | AM6: U | AN6: X
A7: 1 | B7: Adams, R | AH7: =COUNTIF($C7:$AG7,"P") | AI7: =COUNTIF($C7:$AG7,"V") | AJ7: =COUNTIF($C7:$AG7,"S") | AK7: =COUNTIF($C7:$AG7,"L") | AL7: =COUNTIF($C7:$AG7,"R") | AM7: =COUNTIF($C7:$AG7,"U") | AN7: =COUNTIF($C7:$AG7,"X")
A8: 2 | B8: Brennan, T | AH8: =COUNTIF($C8:$AG8,"P") | AI8: =COUNTIF($C8:$AG8,"V") | AJ8: =COUNTIF($C8:$AG8,"S") | AK8: =COUNTIF($C8:$AG8,"L") | AL8: =COUNTIF($C8:$AG8,"R") | AM8: =COUNTIF($C8:$AG8,"U") | AN8: =COUNTIF($C8:$AG8,"X")
A9: 3 | B9: Fischer, L | AH9: =COUNTIF($C9:$AG9,"P") | AI9: =COUNTIF($C9:$AG9,"V") | AJ9: =COUNTIF($C9:$AG9,"S") | AK9: =COUNTIF($C9:$AG9,"L") | AL9: =COUNTIF($C9:$AG9,"R") | AM9: =COUNTIF($C9:$AG9,"U") | AN9: =COUNTIF($C9:$AG9,"X")
A10: 4 | B10: Okafor, J | AH10: =COUNTIF($C10:$AG10,"P") | AI10: =COUNTIF($C10:$AG10,"V") | AJ10: =COUNTIF($C10:$AG10,"S") | AK10: =COUNTIF($C10:$AG10,"L") | AL10: =COUNTIF($C10:$AG10,"R") | AM10: =COUNTIF($C10:$AG10,"U") | AN10: =COUNTIF($C10:$AG10,"X")
A11: 5 | B11: Pritchard, O | AH11: =COUNTIF($C11:$AG11,"P") | AI11: =COUNTIF($C11:$AG11,"V") | AJ11: =COUNTIF($C11:$AG11,"S") | AK11: =COUNTIF($C11:$AG11,"L") | AL11: =COUNTIF($C11:$AG11,"R") | AM11: =COUNTIF($C11:$AG11,"U") | AN11: =COUNTIF($C11:$AG11,"X")
A12: 6 | B12: Raman, P | AH12: =COUNTIF($C12:$AG12,"P") | AI12: =COUNTIF($C12:$AG12,"V") | AJ12: =COUNTIF($C12:$AG12,"S") | AK12: =COUNTIF($C12:$AG12,"L") | AL12: =COUNTIF($C12:$AG12,"R") | AM12: =COUNTIF($C12:$AG12,"U") | AN12: =COUNTIF($C12:$AG12,"X")
A13: 7 | B13: Whitfield, S | AH13: =COUNTIF($C13:$AG13,"P") | AI13: =COUNTIF($C13:$AG13,"V") | AJ13: =COUNTIF($C13:$AG13,"S") | AK13: =COUNTIF($C13:$AG13,"L") | AL13: =COUNTIF($C13:$AG13,"R") | AM13: =COUNTIF($C13:$AG13,"U") | AN13: =COUNTIF($C13:$AG13,"X")
A14: 8 | B14: Zhang, M | AH14: =COUNTIF($C14:$AG14,"P") | AI14: =COUNTIF($C14:$AG14,"V") | AJ14: =COUNTIF($C14:$AG14,"S") | AK14: =COUNTIF($C14:$AG14,"L") | AL14: =COUNTIF($C14:$AG14,"R") | AM14: =COUNTIF($C14:$AG14,"U") | AN14: =COUNTIF($C14:$AG14,"X")

Sheet Summary
A1: Month summary
A2: Explore Excel · exploreexcel.com · Totals across the whole team
A4: Code | B4: Meaning | C4: Days | D4: Counts towards
A5: P | B5: Present | C5: =SUM(Attendance!AH7:AH14) | D5: Working days
A6: V | B6: Vacation | C6: =SUM(Attendance!AI7:AI14) | D6: Paid time off entitlement
A7: S | B7: Sick | C7: =SUM(Attendance!AJ7:AJ14) | D7: Sickness absence
A8: L | B8: Late | C8: =SUM(Attendance!AK7:AK14) | D8: Working days, flagged
A9: R | B9: Remote | C9: =SUM(Attendance!AL7:AL14) | D9: Working days
A10: U | B10: Unpaid leave | C10: =SUM(Attendance!AM7:AM14) | D10: Unpaid absence
A11: X | B11: Company holiday | C11: =SUM(Attendance!AN7:AN14) | D11: Not counted as absence
B12: Total entries | C12: =SUM(C5:C11) | D12: Every code entered this month
