Workbook

Sheet Inventory
A1: Inventory Tracker
A2: Explore Excel · exploreexcel.com · Reorder flags calculate automatically
A4: SKU | B4: Description | C4: Category | D4: Unit cost | E4: Opening qty | F4: Received | G4: Issued | H4: Closing qty | I4: Value | J4: Reorder point | K4: Action
H5: =IF(A5="","",N(E5)+N(F5)-N(G5)) | I5: =IF(H5="","",H5*N(D5)) | K5: =IF(A5="","",IF(H5<=0,"Out of stock",IF(H5<=N(J5),"Reorder","OK")))
H6: =IF(A6="","",N(E6)+N(F6)-N(G6)) | I6: =IF(H6="","",H6*N(D6)) | K6: =IF(A6="","",IF(H6<=0,"Out of stock",IF(H6<=N(J6),"Reorder","OK")))
H7: =IF(A7="","",N(E7)+N(F7)-N(G7)) | I7: =IF(H7="","",H7*N(D7)) | K7: =IF(A7="","",IF(H7<=0,"Out of stock",IF(H7<=N(J7),"Reorder","OK")))
H8: =IF(A8="","",N(E8)+N(F8)-N(G8)) | I8: =IF(H8="","",H8*N(D8)) | K8: =IF(A8="","",IF(H8<=0,"Out of stock",IF(H8<=N(J8),"Reorder","OK")))
H9: =IF(A9="","",N(E9)+N(F9)-N(G9)) | I9: =IF(H9="","",H9*N(D9)) | K9: =IF(A9="","",IF(H9<=0,"Out of stock",IF(H9<=N(J9),"Reorder","OK")))
H10: =IF(A10="","",N(E10)+N(F10)-N(G10)) | I10: =IF(H10="","",H10*N(D10)) | K10: =IF(A10="","",IF(H10<=0,"Out of stock",IF(H10<=N(J10),"Reorder","OK")))
H11: =IF(A11="","",N(E11)+N(F11)-N(G11)) | I11: =IF(H11="","",H11*N(D11)) | K11: =IF(A11="","",IF(H11<=0,"Out of stock",IF(H11<=N(J11),"Reorder","OK")))
H12: =IF(A12="","",N(E12)+N(F12)-N(G12)) | I12: =IF(H12="","",H12*N(D12)) | K12: =IF(A12="","",IF(H12<=0,"Out of stock",IF(H12<=N(J12),"Reorder","OK")))
H13: =IF(A13="","",N(E13)+N(F13)-N(G13)) | I13: =IF(H13="","",H13*N(D13)) | K13: =IF(A13="","",IF(H13<=0,"Out of stock",IF(H13<=N(J13),"Reorder","OK")))
H14: =IF(A14="","",N(E14)+N(F14)-N(G14)) | I14: =IF(H14="","",H14*N(D14)) | K14: =IF(A14="","",IF(H14<=0,"Out of stock",IF(H14<=N(J14),"Reorder","OK")))
H15: =IF(A15="","",N(E15)+N(F15)-N(G15)) | I15: =IF(H15="","",H15*N(D15)) | K15: =IF(A15="","",IF(H15<=0,"Out of stock",IF(H15<=N(J15),"Reorder","OK")))
H16: =IF(A16="","",N(E16)+N(F16)-N(G16)) | I16: =IF(H16="","",H16*N(D16)) | K16: =IF(A16="","",IF(H16<=0,"Out of stock",IF(H16<=N(J16),"Reorder","OK")))
... H154: =IF(A154="","",N(E154)+N(F154)-N(G154)) | I154: =IF(H154="","",H154*N(D154)) | K154: =IF(A154="","",IF(H154<=0,"Out of stock",IF(H154<=N(J154),"Reorder","OK")))
A156: EXAMPLE — delete before use
A157: SKU-101 | B157: M8 bracket | C157: Fixings | D157: 8.75 | E157: 120 | F157: 40 | G157: 65 | J157: 50

Sheet Summary
A1: Inventory Summary
A2: Reads from the Inventory sheet.
A4: Position
A5: Total SKUs | C5: =COUNTA(Inventory!$A$5:$A$154) | D5: Every row with a SKU.
A6: Total units held | C6: =SUM(Inventory!$H$5:$H$154)
A7: Total inventory value | C7: =SUM(Inventory!$I$5:$I$154) | D7: Quantity times unit cost, on a periodic basis.
A8: Lines needing reorder | C8: =COUNTIFS(Inventory!$K$5:$K$154,"Reorder") | D8: At or below reorder point.
A9: Lines out of stock | C9: =COUNTIFS(Inventory!$K$5:$K$154,"Out of stock") | D9: The ones costing you sales right now.
A10: Value at risk | C10: =SUMIFS(Inventory!$I$5:$I$154,Inventory!$K$5:$K$154,"Reorder") | D10: Value tied up in lines that need replenishing.
A12: By category
A13: Category | B13: SKUs | C13: Value
A14: Fixings | B14: =COUNTIFS(Inventory!$C$5:$C$154,A14) | C14: =SUMIFS(Inventory!$I$5:$I$154,Inventory!$C$5:$C$154,A14)
A15: Raw material | B15: =COUNTIFS(Inventory!$C$5:$C$154,A15) | C15: =SUMIFS(Inventory!$I$5:$I$154,Inventory!$C$5:$C$154,A15)
A16: Consumables | B16: =COUNTIFS(Inventory!$C$5:$C$154,A16) | C16: =SUMIFS(Inventory!$I$5:$I$154,Inventory!$C$5:$C$154,A16)
A17: Finished goods | B17: =COUNTIFS(Inventory!$C$5:$C$154,A17) | C17: =SUMIFS(Inventory!$I$5:$I$154,Inventory!$C$5:$C$154,A17)
A18: Packaging | B18: =COUNTIFS(Inventory!$C$5:$C$154,A18) | C18: =SUMIFS(Inventory!$I$5:$I$154,Inventory!$C$5:$C$154,A18)
A19: Overwrite the category names above to match your own.

Sheet Read me
A1: How this workbook works
A2: Explore Excel · exploreexcel.com
A4: What this is
A5: A stock tracker that calculates closing quantity, inventory value and whether each line needs reordering.
A7: Filling it in
A8: Blue columns are yours: SKU, description, category, unit cost, opening quantity, received, issued and reorder point. Closing quantity, value and the action flag calculate.
A10: The action column
A11: OK means above the reorder point. Reorder means at or below it. Out of stock means zero or negative. Filter on this column to get your purchasing list.
A13: A negative closing quantity
A14: If closing goes negative you have issued more than you had. That is not a rounding problem, it is a data problem — usually a missing goods receipt. The flag will say Out of stock, but the real message is that the records are wrong.
A16: Valuation basis
A17: This values stock at the unit cost you enter, on a periodic basis. It is not FIFO, weighted average or standard cost. For statutory reporting you will need whichever basis your accounting policy specifies.
