Workbook

Sheet Read me
A2: Project tracker with Gantt
A3: How to use this template
B5: What this does
B6: Tracks tasks, owners, dates and progress, and draws a Gantt chart from those dates without a single manual bar.
B8: Using it
B9: 1. Set the chart start date in the cream cell B3 on the Tasks sheet. The timeline runs from there.
B10: 2. Enter each task with an owner, a start date and a duration in days.
B11: 3. End date, Status and the chart bars all calculate themselves.
B12: 4. Update the Progress column as work proceeds.
B14: How the chart works
B15: There are no shapes and nothing is drawn. Each timeline cell carries a conditional formatting rule that fills it when its date falls between the task start and end. Change a date and the chart redraws instantly.
B16: Completed tasks fill dark green, work in progress fills light green, and weekends are shaded so the working week stays readable.
B18: Extending the timeline
B19: The timeline covers 42 days. Move the window by changing the start date, or widen it by copying the last timeline column to the right.
B21: Blue text on a cream background marks a cell you fill in. Black text is calculated — typing over one replaces the formula. Green shading is a heading or a total. This is the standard financial-modelling convention.

Sheet Tasks
A1: Project tracker
A2: Dates drive the chart. Nothing is drawn by hand.
A3: Chart starts | B3: 46027
A6: # | B6: Task | C6: Owner | D6: Start | E6: Days | F6: End | G6: Progress | H6: Status | I6: =$B$3+0 | J6: =$B$3+1 | K6: =$B$3+2 | L6: =$B$3+3 | M6: =$B$3+4 | N6: =$B$3+5 | O6: =$B$3+6 | P6: =$B$3+7 | Q6: =$B$3+8 | R6: =$B$3+9 | S6: =$B$3+10 | T6: =$B$3+11 | U6: =$B$3+12 | V6: =$B$3+13 | W6: =$B$3+14 | X6: =$B$3+15 | Y6: =$B$3+16 | Z6: =$B$3+17 | AA6: =$B$3+18 | AB6: =$B$3+19 | AC6: =$B$3+20 | AD6: =$B$3+21 | AE6: =$B$3+22 | AF6: =$B$3+23 | AG6: =$B$3+24 | AH6: =$B$3+25 | AI6: =$B$3+26 | AJ6: =$B$3+27 | AK6: =$B$3+28 | AL6: =$B$3+29 | AM6: =$B$3+30 | AN6: =$B$3+31 | AO6: =$B$3+32 | AP6: =$B$3+33 | AQ6: =$B$3+34 | AR6: =$B$3+35 | AS6: =$B$3+36 | AT6: =$B$3+37 | AU6: =$B$3+38 | AV6: =$B$3+39 | AW6: =$B$3+40 | AX6: =$B$3+41
A7: 1 | B7: Scope and requirements | C7: Adams | D7: 46027 | E7: 4 | F7: =IF(OR(D7="",E7=""),"",D7+E7-1) | G7: 1 | H7: =IF(D7="","",IF(G7>=1,"Done",IF(G7>0,"In progress",IF(D7<TODAY(),"Late","Not started"))))
A8: 2 | B8: Data audit | C8: Brennan | D8: 46031 | E8: 3 | F8: =IF(OR(D8="",E8=""),"",D8+E8-1) | G8: 1 | H8: =IF(D8="","",IF(G8>=1,"Done",IF(G8>0,"In progress",IF(D8<TODAY(),"Late","Not started"))))
A9: 3 | B9: Build data model | C9: Adams | D9: 46034 | E9: 6 | F9: =IF(OR(D9="",E9=""),"",D9+E9-1) | G9: 0.6 | H9: =IF(D9="","",IF(G9>=1,"Done",IF(G9>0,"In progress",IF(D9<TODAY(),"Late","Not started"))))
A10: 4 | B10: Reporting layer | C10: Raman | D10: 46040 | E10: 5 | F10: =IF(OR(D10="",E10=""),"",D10+E10-1) | G10: 0.2 | H10: =IF(D10="","",IF(G10>=1,"Done",IF(G10>0,"In progress",IF(D10<TODAY(),"Late","Not started"))))
A11: 5 | B11: User testing | C11: Okafor | D11: 46045 | E11: 4 | F11: =IF(OR(D11="",E11=""),"",D11+E11-1) | G11: 0 | H11: =IF(D11="","",IF(G11>=1,"Done",IF(G11>0,"In progress",IF(D11<TODAY(),"Late","Not started"))))
A12: 6 | B12: Fixes and polish | C12: Adams | D12: 46049 | E12: 3 | F12: =IF(OR(D12="",E12=""),"",D12+E12-1) | G12: 0 | H12: =IF(D12="","",IF(G12>=1,"Done",IF(G12>0,"In progress",IF(D12<TODAY(),"Late","Not started"))))
A13: 7 | B13: Training and handover | C13: Raman | D13: 46052 | E13: 2 | F13: =IF(OR(D13="",E13=""),"",D13+E13-1) | G13: 0 | H13: =IF(D13="","",IF(G13>=1,"Done",IF(G13>0,"In progress",IF(D13<TODAY(),"Late","Not started"))))

Sheet Summary
A1: Project summary
A2: Everything here reads from the Tasks sheet
A4: Measure | B4: Value | C4: Notes
A5: Tasks total | B5: =COUNTA(Tasks!B7:B13) | C5: Rows with a task name
A6: Done | B6: =COUNTIF(Tasks!H7:H13,"Done") | C6: Progress at 100%
A7: In progress | B7: =COUNTIF(Tasks!H7:H13,"In progress")
A8: Not started | B8: =COUNTIF(Tasks!H7:H13,"Not started")
A9: Late | B9: =COUNTIF(Tasks!H7:H13,"Late") | C9: Started before today with no progress
A10: Overall progress | B10: =IFERROR(AVERAGE(Tasks!G7:G13),0) | C10: Average of the progress column
A11: Earliest start | B11: =MIN(Tasks!D7:D13)
A12: Latest finish | B12: =MAX(Tasks!F7:F13)
A13: Calendar days | B13: =MAX(Tasks!F7:F13)-MIN(Tasks!D7:D13)+1
A14: Working days | B14: =NETWORKDAYS(MIN(Tasks!D7:D13),MAX(Tasks!F7:F13)) | C14: Excludes weekends
