Workbook

Sheet Timesheet
A1: Weekly Timesheet
A2: Explore Excel · exploreexcel.com · Overtime applies automatically
A4: Employee | E4: Standard hours/day | G4: 8
A5: Week commencing | C5: 2026-01-05 | E5: Overtime multiplier | G5: 1.5
A7: Date | B7: Day | C7: Project code | D7: Start | E7: Finish | F7: Break (hrs) | G7: Total hours | H7: Standard | I7: Overtime | J7: Notes
A8: =$C$5+0 | B8: Monday | G8: =IF(OR(D8="",E8=""),0,ROUND((E8-D8)*24-N(F8),2)) | H8: =MIN(G8,$G$4) | I8: =MAX(0,G8-$G$4)
A9: =$C$5+1 | B9: Tuesday | G9: =IF(OR(D9="",E9=""),0,ROUND((E9-D9)*24-N(F9),2)) | H9: =MIN(G9,$G$4) | I9: =MAX(0,G9-$G$4)
A10: =$C$5+2 | B10: Wednesday | G10: =IF(OR(D10="",E10=""),0,ROUND((E10-D10)*24-N(F10),2)) | H10: =MIN(G10,$G$4) | I10: =MAX(0,G10-$G$4)
A11: =$C$5+3 | B11: Thursday | G11: =IF(OR(D11="",E11=""),0,ROUND((E11-D11)*24-N(F11),2)) | H11: =MIN(G11,$G$4) | I11: =MAX(0,G11-$G$4)
A12: =$C$5+4 | B12: Friday | G12: =IF(OR(D12="",E12=""),0,ROUND((E12-D12)*24-N(F12),2)) | H12: =MIN(G12,$G$4) | I12: =MAX(0,G12-$G$4)
A13: =$C$5+5 | B13: Saturday | G13: =IF(OR(D13="",E13=""),0,ROUND((E13-D13)*24-N(F13),2)) | H13: =MIN(G13,$G$4) | I13: =MAX(0,G13-$G$4)
A14: =$C$5+6 | B14: Sunday | G14: =IF(OR(D14="",E14=""),0,ROUND((E14-D14)*24-N(F14),2)) | H14: =MIN(G14,$G$4) | I14: =MAX(0,G14-$G$4)
A15: Week total | G15: =SUM(G8:G14) | H15: =SUM(H8:H14) | I15: =SUM(I8:I14)
A17: Cost
A18: Hourly rate | C18: 22.5
A19: Standard pay | C19: =H15*C18
A20: Overtime pay | C20: =I15*C18*$G$5
A21: Total pay | C21: =C19+C20

Sheet By project
A1: Hours by Project
A2: Enter your project codes; hours pull from the timesheet.
A4: Project code | B4: Hours | C4: Cost
B5: =IF(A5="","",SUMIFS(Timesheet!$G$8:$G$14,Timesheet!$C$8:$C$14,A5)) | C5: =IF(A5="","",B5*Timesheet!$C$18)
B6: =IF(A6="","",SUMIFS(Timesheet!$G$8:$G$14,Timesheet!$C$8:$C$14,A6)) | C6: =IF(A6="","",B6*Timesheet!$C$18)
B7: =IF(A7="","",SUMIFS(Timesheet!$G$8:$G$14,Timesheet!$C$8:$C$14,A7)) | C7: =IF(A7="","",B7*Timesheet!$C$18)
B8: =IF(A8="","",SUMIFS(Timesheet!$G$8:$G$14,Timesheet!$C$8:$C$14,A8)) | C8: =IF(A8="","",B8*Timesheet!$C$18)
B9: =IF(A9="","",SUMIFS(Timesheet!$G$8:$G$14,Timesheet!$C$8:$C$14,A9)) | C9: =IF(A9="","",B9*Timesheet!$C$18)
B10: =IF(A10="","",SUMIFS(Timesheet!$G$8:$G$14,Timesheet!$C$8:$C$14,A10)) | C10: =IF(A10="","",B10*Timesheet!$C$18)
B11: =IF(A11="","",SUMIFS(Timesheet!$G$8:$G$14,Timesheet!$C$8:$C$14,A11)) | C11: =IF(A11="","",B11*Timesheet!$C$18)
B12: =IF(A12="","",SUMIFS(Timesheet!$G$8:$G$14,Timesheet!$C$8:$C$14,A12)) | C12: =IF(A12="","",B12*Timesheet!$C$18)
B13: =IF(A13="","",SUMIFS(Timesheet!$G$8:$G$14,Timesheet!$C$8:$C$14,A13)) | C13: =IF(A13="","",B13*Timesheet!$C$18)
B14: =IF(A14="","",SUMIFS(Timesheet!$G$8:$G$14,Timesheet!$C$8:$C$14,A14)) | C14: =IF(A14="","",B14*Timesheet!$C$18)
B15: =IF(A15="","",SUMIFS(Timesheet!$G$8:$G$14,Timesheet!$C$8:$C$14,A15)) | C15: =IF(A15="","",B15*Timesheet!$C$18)
B16: =IF(A16="","",SUMIFS(Timesheet!$G$8:$G$14,Timesheet!$C$8:$C$14,A16)) | C16: =IF(A16="","",B16*Timesheet!$C$18)
A18: Total | B18: =SUM(B5:B16) | C18: =SUM(C5:C16)

Sheet Read me
A1: How this workbook works
A2: Explore Excel · exploreexcel.com
A4: What this is
A5: A weekly timesheet that splits hours into standard and overtime, costs both at the right rate, and totals hours by project code.
A7: Entering times
A8: Type start and finish as times, for example 09:00 and 17:30. Enter breaks in hours as a decimal — half an hour is 0.5, not 0:30. Total hours calculates from these.
A10: How overtime is decided
A11: Anything above the standard hours per day counts as overtime for that day. This is a daily test, not a weekly one. If your rules run weekly instead, change column I to compare the week total against a weekly threshold.
A13: A caution on time arithmetic
A14: Excel stores times as fractions of a day, which is why the formula multiplies by 24. A shift crossing midnight will give a negative result — if you run night shifts, change the formula to add 1 when finish is earlier than start.
A16: Project codes
A17: Enter the same code on the timesheet and on the By project sheet, spelled identically. A trailing space makes them different values and the hours will not add up.
